{"cameraMode":{"drawMode":0,"name":"Shaded","section":"Shading Mode"},"sceneLighting":false,"audioPlay":false,"sceneViewState":{"showFog":true,"showMaterialUpdate":false,"showSkybox":false,"showFlares":true,"showImageEffects":true,"showParticleSystems":true},"in2DMode":false,"pivot":{"x":-0.10140315443277359,"y":0.02408996783196926,"z":-0.07931693643331528},"rotation":{"x":0.04803347587585449,"y":0.8429474830627441,"z":-0.07633094489574433,"w":0.5303828120231628},"size":0.43221309781074526,"orthographic":false}