{"cameraMode":{"drawMode":2,"name":"Shaded Wireframe","section":"Shading Mode"},"sceneLighting":true,"audioPlay":false,"sceneViewState":{"showFog":true,"showMaterialUpdate":false,"showSkybox":true,"showFlares":true,"showImageEffects":true,"showParticleSystems":true},"in2DMode":false,"pivot":{"x":0.060950905084609988,"y":0.00793524645268917,"z":-0.05547511577606201},"rotation":{"x":0.5504662394523621,"y":-0.19258932769298554,"z":0.13227258622646333,"w":0.8014987707138062},"size":0.32857900857925417,"orthographic":false}